,City,Country,Lat,Lng,Max Temp,Humidity,Cloudiness,Wind Speed,Current Description
0,Rikitea,PF,-23.1203,-134.9692,77.81,69,51,16.82,light rain
1,Kavieng,PG,-2.5744,150.7967,81.68,77,100,13.94,light rain
2,Kaitangata,NZ,-46.2817,169.8464,47.8,72,100,5.39,overcast clouds
3,Taltal,CL,-25.4,-70.4833,67.23,66,11,5.3,few clouds
4,Henties Bay,NA,-22.116,14.2845,63.57,81,0,10.36,clear sky
5,Bethel,US,41.3712,-73.414,62.69,80,100,10.36,overcast clouds
6,Roald,NO,62.5833,6.1333,37.54,70,0,4.61,clear sky
7,Yellowknife,CA,62.456,-114.3525,16.41,80,100,10.36,light snow
8,Castro,BR,-24.7911,-50.0119,58.15,98,99,8.75,overcast clouds
9,Hobart,AU,-42.8794,147.3294,55.26,73,100,12.66,overcast clouds
10,Kutum,SD,14.2,24.6667,79.43,8,5,9.57,clear sky
11,Albany,US,42.6001,-73.9662,57.31,81,88,1.99,overcast clouds
12,Hermanus,ZA,-34.4187,19.2345,64.8,71,49,9.71,scattered clouds
13,Atuona,PF,-9.8,-139.0333,78.55,73,15,9.28,few clouds
14,Cherskiy,RU,68.75,161.3,-15.16,100,99,4.61,overcast clouds
15,Cape Town,ZA,-33.9258,18.4232,64.27,74,39,5.01,scattered clouds
16,Bredasdorp,ZA,-34.5322,20.0403,62.73,61,87,7.05,overcast clouds
17,Ribeira Grande,PT,38.5167,-28.7,64.8,88,40,10.36,scattered clouds
18,Pisco,PE,-13.7,-76.2167,73.45,60,0,6.91,clear sky
19,Calama,CL,-22.4667,-68.9333,73.89,14,0,18.41,clear sky
20,Souillac,MU,-20.5167,57.5167,79.18,78,75,16.11,broken clouds
21,Saint George,US,37.1041,-113.5841,70.63,31,0,3.44,clear sky
22,Vaini,TO,-21.2,-175.2,80.71,77,100,9.46,light rain
23,New Norfolk,AU,-42.7826,147.0587,54.9,66,69,1.01,broken clouds
24,Qeshm,IR,26.9581,56.2719,84.07,58,0,9.24,clear sky
25,Busselton,AU,-33.65,115.3333,70.16,69,1,10.36,clear sky
26,Mar Del Plata,AR,-38.0023,-57.5575,62.62,78,40,11.99,scattered clouds
27,Mehamn,NO,71.0357,27.8492,26.51,73,100,11.07,light snow
28,Longyearbyen,SJ,78.2186,15.6401,10.24,85,75,8.05,light snow
29,Khatanga,RU,71.9667,102.5,-2.81,99,48,5.14,scattered clouds
30,Half Moon Bay,US,37.4636,-122.4286,61.14,77,75,11.5,mist
31,East London,ZA,-33.0153,27.9116,67.14,94,75,5.75,broken clouds
32,Sistranda,NO,63.7256,8.834,33.76,60,100,13.47,overcast clouds
33,Dingle,PH,10.9995,122.6711,76.46,89,72,6.85,broken clouds
34,Dashitou,CN,43.3067,128.5114,26.51,47,9,6.62,clear sky
35,Esperance,AU,-33.8667,121.9,64.24,79,100,19.06,overcast clouds
36,Norrtalje,SE,59.758,18.705,32.18,86,100,1.25,overcast clouds
37,Bandarbeyla,SO,9.4942,50.8122,80.96,81,13,11.54,few clouds
38,High Level,CA,58.5169,-117.136,28.51,93,75,8.05,light snow
39,Totma,RU,59.9747,42.7642,19.18,93,94,4.56,overcast clouds
40,Ushuaia,AR,-54.8,-68.3,51.42,62,40,11.5,scattered clouds
41,Torbay,CA,47.6666,-52.7314,41.88,70,75,13.8,broken clouds
42,Dunedin,NZ,-45.8742,170.5036,52.81,62,100,10.0,overcast clouds
43,Rorvik,NO,64.8621,11.2373,33.91,69,40,9.22,scattered clouds
44,Komsomolskiy,UZ,40.4272,71.7189,52.52,66,0,2.3,clear sky
45,Bengkulu,ID,-3.8004,102.2655,76.28,81,92,4.5,overcast clouds
46,Mahebourg,MU,-20.4081,57.7,79.09,78,75,16.11,broken clouds
47,Kapaa,US,22.0752,-159.319,74.19,91,75,12.66,broken clouds
48,Upernavik,GL,72.7868,-56.1549,17.94,94,100,11.48,overcast clouds
49,Clyde River,CA,70.4692,-68.5914,3.43,78,0,6.91,clear sky
50,Lebu,CL,-37.6167,-73.65,56.95,63,6,22.59,clear sky
51,Avarua,CK,-21.2078,-159.775,73.45,100,12,3.44,few clouds
52,Nuuk,GL,64.1835,-51.7216,32.88,80,90,1.99,overcast clouds
53,Pevek,RU,69.7008,170.3133,-24.72,99,89,5.19,overcast clouds
54,Mataura,NZ,-46.1927,168.8643,44.91,88,100,1.88,overcast clouds
55,Laguna,US,38.421,-121.4238,61.02,69,0,11.5,clear sky
56,Leh,IN,34.1667,77.5833,23.31,53,1,6.08,clear sky
57,Victoria,HK,22.2855,114.1577,76.17,84,43,15.99,scattered clouds
58,Saint-Louis,SN,16.3333,-15.0,101.84,11,67,10.67,broken clouds
59,Hovd,MN,48.0056,91.6419,29.41,32,0,0.58,clear sky
60,Codrington,AU,-38.2667,141.9667,58.84,58,79,14.56,broken clouds
61,Puerto Ayora,EC,-0.7393,-90.3518,80.56,77,94,5.66,moderate rain
62,Port Elizabeth,ZA,-33.918,25.5701,67.1,83,100,9.22,overcast clouds
63,Punta Umbria,ES,37.1821,-6.9661,65.23,41,53,21.25,broken clouds
64,Sechura,PE,-5.5569,-80.8222,84.33,55,72,9.73,broken clouds
65,Riyadh,SA,24.6877,46.7219,84.34,10,0,5.19,clear sky
66,Flinders,AU,-34.5833,150.8552,58.17,89,100,8.99,light rain
67,Georgetown,MY,5.4112,100.3354,80.53,98,20,5.01,few clouds
68,Bafq,IR,31.6128,55.4107,70.36,9,0,4.81,clear sky
69,Cabo San Lucas,MX,22.8909,-109.9124,81.61,53,88,3.0,overcast clouds
70,Yar-Sale,RU,66.8333,70.8333,15.84,78,100,20.45,overcast clouds
71,Kaeo,NZ,-35.1,173.7833,60.33,96,54,2.3,broken clouds
72,Dikson,RU,73.5069,80.5464,7.38,96,53,8.01,broken clouds
73,Bowen,AU,-20.0167,148.2333,72.79,74,4,3.69,clear sky
74,Kupang,ID,-10.1667,123.5833,76.3,84,6,6.4,clear sky
75,Rafraf,TN,37.1904,10.1837,61.11,83,54,16.8,broken clouds
76,Inirida,CO,3.8653,-67.9239,91.67,47,67,4.27,broken clouds
77,Baijiantan,CN,45.6333,85.1833,45.68,42,4,8.39,clear sky
78,Shahkot,IN,31.0775,75.3372,75.42,12,0,8.77,clear sky
79,Butaritari,KI,3.0707,172.7902,80.71,80,62,13.51,broken clouds
80,Tucumcari,US,35.1717,-103.725,53.94,47,0,17.27,clear sky
81,Klaksvik,FO,62.2266,-6.589,38.32,88,100,4.56,overcast clouds
82,Praia,CV,14.9215,-23.5087,79.34,53,0,20.71,clear sky
83,Morbegno,IT,46.1383,9.57,57.07,94,99,2.8,overcast clouds
84,Oistins,BB,13.0667,-59.5333,84.29,65,20,21.85,few clouds
85,Severo-Kurilsk,RU,50.6789,156.125,29.16,87,94,17.31,light snow
86,Fukue,JP,32.6881,128.8419,55.33,75,100,24.56,overcast clouds
87,Santa Vitoria,BR,-18.8386,-50.1214,88.09,44,9,1.12,clear sky
88,Punta Arenas,CL,-53.15,-70.9167,53.71,47,75,24.16,broken clouds
89,Airai,TL,-8.9266,125.4092,56.95,85,8,2.01,clear sky
90,Tiksi,RU,71.6872,128.8694,0.57,99,100,5.64,overcast clouds
91,Salinopolis,BR,-0.6136,-47.3561,74.26,95,100,5.32,overcast clouds
92,Jamestown,US,42.097,-79.2353,67.01,50,75,25.32,broken clouds
93,Samfya,ZM,-11.3649,29.5565,66.06,93,40,5.7,moderate rain
94,Nikolskoye,RU,59.7035,30.7861,28.29,94,53,1.99,broken clouds
95,Port Moresby,PG,-9.4431,147.1797,76.42,94,40,5.75,scattered clouds
96,Hithadhoo,MV,-0.6,73.0833,83.17,71,5,5.44,clear sky
97,Barrow,US,71.2906,-156.7887,-16.58,76,0,16.11,haze
98,Port Alfred,ZA,-33.5906,26.891,64.18,92,100,1.99,overcast clouds
99,Chokurdakh,RU,70.6333,147.9167,-32.13,100,92,2.26,overcast clouds
100,Havelock,US,34.8791,-76.9013,75.02,83,100,21.85,overcast clouds
101,Timaru,NZ,-44.4,171.25,53.08,97,100,3.0,light rain
102,Ajdabiya,LY,30.7554,20.2263,81.81,10,70,14.12,broken clouds
103,Arlit,NE,18.7369,7.3853,88.86,3,4,6.08,clear sky
104,Te Anau,NZ,-45.4167,167.7167,47.98,87,100,4.23,overcast clouds
105,Cayenne,GF,4.9333,-52.3333,84.24,10,75,13.8,broken clouds
106,Alta Floresta,BR,-9.8756,-56.0861,73.22,100,75,1.14,broken clouds
107,Sitka,US,57.0531,-135.33,39.09,87,75,6.91,broken clouds
108,Bontang,ID,0.1333,117.5,80.62,81,63,4.23,broken clouds
109,Nsanje,MW,-16.92,35.262,72.93,98,10,3.65,clear sky
110,Norman Wells,CA,65.282,-126.8329,-14.76,58,20,20.71,few clouds
111,Tuatapere,NZ,-46.1333,167.6833,47.57,87,100,3.74,overcast clouds
112,Alofi,NU,-19.0595,-169.9187,69.69,94,45,3.44,scattered clouds
113,Manzhouli,CN,49.6,117.4333,24.03,31,57,4.68,broken clouds
114,Orangeburg,US,33.4918,-80.8557,70.93,90,100,17.27,light rain
115,Tagusao,PH,9.1924,117.8141,79.16,80,6,3.94,clear sky
116,Ballina,AU,-28.8667,153.5667,64.02,85,94,15.97,overcast clouds
117,Khani,GE,41.9563,42.9566,53.17,89,91,9.98,overcast clouds
118,Lompoc,US,34.6391,-120.4579,63.12,76,75,13.8,broken clouds
119,Tatarsk,RU,55.219,75.9828,34.25,88,100,15.43,overcast clouds
120,Bambous Virieux,MU,-20.3428,57.7575,79.05,78,75,16.11,broken clouds
121,Jutai,BR,-5.1833,-68.9,83.61,80,97,1.72,overcast clouds
122,Enid,US,36.3956,-97.8784,46.02,67,100,13.8,overcast clouds
123,Itacare,BR,-14.2775,-38.9967,82.6,64,16,6.6,few clouds
124,Kenai,US,60.5544,-151.2583,41.02,77,100,12.66,overcast clouds
125,Oriximina,BR,-1.7656,-55.8661,80.33,81,99,2.86,overcast clouds
126,Sturgeon Falls,CA,46.3646,-79.9326,55.13,90,98,25.9,overcast clouds
127,Alvaraes,BR,-3.2208,-64.8042,84.07,69,100,2.39,overcast clouds
128,Bathsheba,BB,13.2167,-59.5167,84.81,65,20,21.85,few clouds
129,Biltine,TD,14.5333,20.9167,89.6,7,13,4.72,few clouds
130,Fortuna,US,40.5982,-124.1573,51.91,69,20,13.8,few clouds
131,Bluff,NZ,-46.6,168.3333,48.81,63,100,10.36,overcast clouds
132,Sao Filipe,CV,14.8961,-24.4956,72.63,73,14,12.33,few clouds
133,Emerald,AU,-23.5333,148.1667,73.54,60,0,9.22,light rain
134,Mnogovershinnyy,RU,53.9353,139.9242,3.97,82,45,4.56,scattered clouds
135,Comarapa,BO,-17.9,-64.4833,50.02,89,100,1.81,overcast clouds
136,Salalah,OM,17.0151,54.0924,80.49,41,0,1.52,clear sky
137,Sangar,RU,63.9242,127.4739,-5.75,97,94,3.44,overcast clouds
138,Namatanai,PG,-3.6667,152.4333,79.16,81,59,5.32,broken clouds
139,Moranbah,AU,-22.0016,148.0466,72.23,53,9,9.42,clear sky
140,Itarema,BR,-2.9248,-39.9167,76.23,90,100,5.59,moderate rain
141,Kruisfontein,ZA,-34.0033,24.7314,64.89,78,100,4.63,overcast clouds
142,Umm Kaddadah,SD,13.6017,26.6876,83.41,9,45,11.54,scattered clouds
143,Krasnoselkup,RU,65.7,82.4667,14.54,90,100,20.15,overcast clouds
144,Iraquara,BR,-12.2486,-41.6194,83.91,33,70,10.58,broken clouds
145,Hilo,US,19.7297,-155.09,74.62,86,75,4.61,broken clouds
146,Brae,GB,60.3964,-1.353,39.07,63,96,16.22,overcast clouds
147,Saldanha,ZA,-33.0117,17.9442,64.45,76,47,24.38,scattered clouds
148,Valle De Allende,MX,26.9333,-105.4,67.15,13,20,4.56,few clouds
149,Santiago De Cao,PE,-7.9589,-79.2392,71.73,73,71,11.5,broken clouds
150,Ayan,RU,56.45,138.1667,11.52,76,15,10.33,few clouds
151,Kirovskiy,RU,45.0917,133.5136,27.55,63,80,10.31,broken clouds
152,Amahai,ID,-3.3333,128.9167,77.27,84,100,4.76,overcast clouds
153,Hondo,JP,32.45,130.2,54.12,73,100,16.22,overcast clouds
154,Madera,US,37.1666,-119.8343,66.52,81,84,4.21,broken clouds
155,Batemans Bay,AU,-35.7167,150.1833,59.09,81,95,17.69,light rain
156,Umm Lajj,SA,25.0213,37.2685,76.53,60,2,8.37,clear sky
157,Saint-Philippe,RE,-21.3585,55.7679,78.39,70,69,14.72,broken clouds
158,Aden,YE,12.7794,45.0367,80.37,62,0,14.52,clear sky
159,Klerksdorp,ZA,-26.8521,26.6667,72.61,31,39,8.52,scattered clouds
160,Arraial Do Cabo,BR,-22.9661,-42.0278,84.16,78,20,12.66,few clouds
161,Broken Hill,AU,-31.95,141.4333,58.71,63,0,16.11,clear sky
162,Qaanaaq,GL,77.484,-69.3632,22.41,70,53,4.83,broken clouds
163,Yerbogachen,RU,61.2767,108.0108,25.48,92,59,11.86,broken clouds
164,Fuzhou,CN,26.0614,119.3061,58.89,70,100,6.06,overcast clouds
165,Coihaique,CL,-45.5752,-72.0662,59.61,55,40,4.61,scattered clouds
166,Hofn,IS,64.2539,-15.2082,39.22,70,75,2.3,broken clouds
167,Kayes,ML,14.0,-11.0,105.46,8,79,4.79,broken clouds
168,Snezhnogorsk,RU,69.1933,33.2531,20.98,85,100,8.08,light snow
169,Saint-Jean-De-Maurienne,FR,45.1667,6.5833,23.14,95,99,7.0,light snow
170,Ostrovnoy,RU,68.0531,39.5131,22.87,78,100,10.25,overcast clouds
171,Aklavik,CA,68.2191,-135.0107,-18.4,69,20,4.61,few clouds
172,Neiafu,TO,-18.65,-173.9833,81.54,77,100,12.28,overcast clouds
173,Hami,CN,42.8,93.45,47.77,21,0,5.99,clear sky
174,Izyum,UA,49.2088,37.2485,54.59,65,86,15.57,overcast clouds
175,Santa Rosa,PH,14.3122,121.1114,84.18,74,11,7.18,few clouds
176,Guerrero Negro,MX,27.9769,-114.0611,64.47,62,96,15.46,overcast clouds
177,Wladyslawowo,PL,54.7909,18.4009,35.94,45,77,14.99,broken clouds
178,Alugan,PH,12.2188,125.4808,79.65,84,19,10.33,few clouds
179,Tasiilaq,GL,65.6145,-37.6368,34.92,99,100,4.76,light snow
180,Saskylakh,RU,71.9167,114.0833,4.96,97,100,6.17,overcast clouds
181,Bitung,ID,1.4451,125.1824,76.05,85,91,6.64,overcast clouds
182,College,US,64.8569,-147.8028,18.21,44,75,6.91,broken clouds
183,Eureka,US,40.8021,-124.1637,55.67,74,100,7.0,overcast clouds
184,Alice Springs,AU,-23.7,133.8833,53.15,62,53,6.91,broken clouds
185,Kodiak,US,57.79,-152.4072,38.71,100,100,23.02,light rain
186,Pahrump,US,36.2083,-115.9839,66.49,32,53,5.99,broken clouds
187,Provideniya,RU,64.3833,-173.3,18.32,84,100,19.42,overcast clouds
188,Matagami,CA,49.7502,-77.6328,33.91,93,100,8.05,mist
189,Margate,GB,51.3813,1.3862,40.3,65,100,21.0,overcast clouds
190,Kuleshovka,RU,47.078,39.5579,61.93,52,71,13.47,broken clouds
191,Aksarka,RU,66.5606,67.7975,13.44,80,100,18.43,overcast clouds
192,Beringovskiy,RU,63.05,179.3167,4.77,92,100,21.56,overcast clouds
193,Sabang,ID,5.8933,95.3214,83.16,70,97,4.23,overcast clouds
194,Lady Frere,ZA,-31.7031,27.2329,62.24,96,84,7.29,moderate rain
195,Mormugao,IN,15.4,73.8,79.88,79,8,9.35,clear sky
196,Vila,PT,42.0304,-8.1588,47.28,86,98,5.64,overcast clouds
197,Coquimbo,CL,-29.9533,-71.3436,60.53,77,75,12.66,broken clouds
198,Sinnamary,GF,5.3833,-52.95,81.0,70,55,10.11,broken clouds
199,Roma,US,43.2128,-75.4557,66.09,81,100,10.36,overcast clouds
200,Yendi,GH,9.4427,-0.0099,98.62,25,55,9.06,broken clouds
201,Votkinsk,RU,57.0486,53.9872,17.89,96,96,3.47,overcast clouds
202,Gannan,CN,47.9147,123.5031,28.4,51,0,7.14,clear sky
203,Pangody,RU,65.85,74.4859,16.93,82,100,20.45,overcast clouds
204,Chuy,UY,-33.6971,-53.4616,64.74,52,34,14.58,scattered clouds
205,Bardiyah,LY,31.7561,25.0865,69.85,44,65,6.87,broken clouds
206,Chegutu,ZW,-18.1302,30.1407,70.74,61,98,4.92,overcast clouds
207,Santa Catalina,PH,9.3337,122.8637,79.02,85,29,5.19,scattered clouds
208,Logan,US,41.7355,-111.8344,42.3,85,100,4.61,light rain
209,Okha,RU,53.5739,142.9478,3.29,93,18,8.61,few clouds
210,Esna,EG,25.2934,32.554,86.02,9,49,7.74,scattered clouds
211,Bubaque,GW,11.2833,-15.8333,76.1,74,88,12.91,overcast clouds
212,Tombouctou,ML,20.0,-3.0,91.15,10,99,9.84,overcast clouds
213,Kopayhorod,UA,48.8592,27.7969,57.25,51,100,4.47,overcast clouds
214,Redlands,US,34.0556,-117.1825,70.93,74,100,0.0,haze
215,Zhigansk,RU,66.7697,123.3711,8.38,94,100,15.23,overcast clouds
216,Storforshei,NO,66.4043,14.5233,26.38,73,20,3.44,few clouds
217,Olafsvik,IS,64.8945,-23.7142,39.6,81,97,7.07,overcast clouds
218,Buchanan,LR,5.8808,-10.0467,83.23,75,67,9.57,broken clouds
219,Vardo,NO,70.3705,31.1107,24.78,74,40,19.57,scattered clouds
220,Russell,US,32.3502,-85.1999,70.92,67,75,8.05,broken clouds
221,Erzin,TR,36.9559,36.2,60.21,64,84,3.2,broken clouds
222,Gogrial,SS,8.5332,28.1004,93.31,13,50,1.05,scattered clouds
223,Hambantota,LK,6.1241,81.1185,80.49,81,19,6.76,few clouds
224,Rurrenabaque,BO,-14.4413,-67.5278,60.69,100,100,0.0,light rain
225,Maumere,ID,-8.6199,122.2111,78.8,78,10,3.89,clear sky
226,Miandrivazo,MG,-19.5167,45.4667,82.0,65,57,1.57,broken clouds
227,Diamantino,BR,-14.4086,-56.4461,67.05,95,98,7.87,overcast clouds
228,Cadiz,ES,36.5,-5.75,62.02,83,11,10.92,few clouds
229,Kushmurun,KZ,52.4503,64.6311,28.83,85,74,12.68,broken clouds
230,Clarence Town,AU,-32.5833,151.7833,60.62,92,98,8.19,overcast clouds
231,Ravar,IR,31.2656,56.8055,66.06,10,14,3.56,few clouds
232,Vendas Novas,PT,38.6771,-8.4579,56.12,65,81,14.34,broken clouds
233,Ahipara,NZ,-35.1667,173.1667,61.54,91,56,2.46,broken clouds
234,Trabzon,TR,40.9167,39.8333,51.89,51,0,4.61,clear sky
235,Areka,ET,7.0667,37.7,71.02,29,14,7.11,few clouds
236,Vilyuysk,RU,63.7553,121.6247,22.6,98,100,3.87,overcast clouds
237,Grand-Lahou,CI,5.1367,-5.0242,82.56,82,40,10.87,scattered clouds
238,Odweyne,SO,9.4092,45.064,76.03,51,14,10.0,few clouds
239,Shasta Lake,US,40.6804,-122.3708,60.76,34,98,1.99,overcast clouds
240,Phuket,TH,8.0,98.25,88.12,83,20,0.0,few clouds
241,Jaicos,BR,-7.3592,-41.1378,95.23,29,100,3.02,overcast clouds
242,Belmonte,BR,-15.8631,-38.8828,83.46,63,20,7.58,few clouds
243,Ducheng,CN,23.2373,111.5317,63.66,88,80,5.46,light rain
244,Kibala,TD,9.1104,18.3463,100.35,27,20,0.0,few clouds
245,Katima Mulilo,NA,-17.5,24.2667,74.89,63,41,2.62,scattered clouds
246,Ilulissat,GL,69.2167,-51.1,17.11,92,59,4.85,broken clouds
247,Gambela,ET,8.25,34.5833,87.66,35,29,3.15,scattered clouds
248,Celestun,MX,20.8667,-90.4,83.88,70,0,12.19,clear sky
249,Vung Tau,VN,10.346,107.0843,80.28,80,92,7.43,overcast clouds
250,Pangnirtung,CA,66.1451,-65.7125,21.2,86,100,4.61,light snow
251,Mount Gambier,AU,-37.8333,140.7667,46.31,81,58,8.05,broken clouds
252,Leningradskiy,RU,69.3833,178.4167,-6.23,93,97,1.1,overcast clouds
253,Rivera,UY,-30.9053,-55.5508,65.39,35,2,8.84,clear sky
254,Atherton,GB,53.5237,-2.4935,43.99,66,100,4.0,overcast clouds
255,Bloemfontein,ZA,-29.1211,26.214,69.28,49,0,5.75,clear sky
256,Myitkyina,MM,25.3833,97.4,71.6,79,81,4.83,broken clouds
257,Zheleznodorozhnyy,RU,55.7503,38.0042,32.61,99,100,2.06,light snow
258,Rio Gallegos,AR,-51.6226,-69.2181,59.05,33,0,18.41,clear sky
259,Kiruna,SE,67.8557,20.2251,18.52,63,0,8.05,clear sky
260,Charlestown,AU,-32.95,151.6667,59.83,85,93,14.0,light rain
261,Emba,KZ,48.8264,58.1442,30.15,92,87,3.56,overcast clouds
262,La Palma,US,33.8464,-118.0467,65.71,72,75,5.75,broken clouds
263,Auki,SB,-8.7676,160.7034,77.88,86,100,1.97,overcast clouds
264,Sola,VU,-13.8833,167.55,81.88,75,100,5.79,overcast clouds
265,Koungou,YT,-12.7336,45.2042,82.11,78,40,8.05,light rain
266,Piacabucu,BR,-10.4056,-36.4344,83.28,67,92,8.72,overcast clouds
267,Loa Janan,ID,-0.583,117.095,74.23,96,75,0.63,broken clouds
268,Yantal,RU,56.8471,105.2542,31.01,95,100,13.8,light snow
269,Bereda,ES,43.2686,-7.5406,50.14,77,98,6.15,light rain
270,Lavrentiya,RU,65.5833,-171.0,11.68,81,90,12.59,overcast clouds
271,Husavik,IS,66.0449,-17.3389,34.77,98,100,3.0,light snow
272,Buala,SB,-8.145,159.5921,79.48,83,96,2.86,light rain
273,Kalmunai,LK,7.4167,81.8167,79.59,84,3,7.49,clear sky
274,Harbour Breton,CA,47.4833,-55.7983,38.64,68,51,15.37,broken clouds
275,San Patricio,US,28.017,-97.5169,78.89,31,8,4.23,clear sky
276,Maputo,MZ,-25.9653,32.5892,78.48,82,0,13.0,clear sky
277,Soyo,AO,-6.1349,12.3689,79.92,89,75,12.15,light rain
278,Cap Malheureux,MU,-19.9842,57.6142,77.47,80,100,5.99,overcast clouds
279,Richards Bay,ZA,-28.783,32.0377,74.37,85,4,9.64,clear sky
280,Korla,CN,41.7597,86.1469,49.87,39,0,3.47,clear sky
281,Sainte-Marie,RE,-20.8968,55.5496,78.96,70,20,18.41,few clouds
282,Kushima,JP,31.4583,131.2333,54.93,94,100,2.59,moderate rain
283,Filadelfia,US,39.9523,-75.1638,70.56,72,100,17.27,light rain
284,Kuching,MY,1.55,110.3333,77.22,94,20,3.44,few clouds
285,Vanimo,PG,-2.6741,141.3028,77.63,88,100,8.3,overcast clouds
286,Poykovskiy,RU,61.2333,73.3333,17.89,67,0,6.71,clear sky
287,Thompson,CA,55.7435,-97.8558,35.76,44,75,6.91,broken clouds
288,Verkhnevilyuysk,RU,63.4453,120.3167,23.43,97,100,4.36,overcast clouds
289,Baleshwar,IN,21.4942,86.9317,79.16,88,2,13.87,clear sky
290,Walvis Bay,NA,-22.9575,14.5053,72.55,60,0,9.22,clear sky
291,Hasaki,JP,35.7333,140.8333,43.2,91,100,26.8,light rain
292,Smolenka,RU,52.1352,113.4974,19.47,53,92,2.24,overcast clouds
293,Tuktoyaktuk,CA,69.4541,-133.0374,-22.0,69,40,9.22,scattered clouds
294,Lahaina,US,20.8783,-156.6825,77.81,84,3,9.62,clear sky
295,Purgstall,AT,48.0584,15.1348,47.48,97,100,7.25,light rain
296,Tomatlan,MX,19.9333,-105.25,87.06,26,17,8.12,few clouds
297,Rapid City,US,44.0805,-103.231,58.3,33,0,8.01,clear sky
298,Kirsanov,RU,52.6549,42.7224,39.88,100,100,14.61,moderate rain
299,Golpayegan,IR,33.4537,50.2884,52.14,63,27,1.97,scattered clouds
300,Hamilton,US,39.1834,-84.5333,47.88,73,100,25.32,overcast clouds
301,Cabedelo,BR,-6.9811,-34.8339,86.67,70,87,12.55,light rain
302,Mitsamiouli,KM,-11.3847,43.2844,81.75,73,13,4.34,light rain
303,Mount Isa,AU,-20.7333,139.5,74.97,25,0,17.27,clear sky
304,Veraval,IN,20.9,70.3667,76.37,76,0,8.68,clear sky
305,Estevan,CA,49.1334,-102.9842,48.54,45,0,11.21,clear sky
306,Isangel,VU,-19.55,169.2667,79.61,88,93,4.7,overcast clouds
307,Griffith,US,41.5284,-87.4237,38.39,90,100,10.36,overcast clouds
308,Bonthe,SL,7.5264,-12.505,83.75,72,88,10.54,overcast clouds
309,Carnarvon,AU,-24.8667,113.6333,71.67,100,100,14.97,light rain
310,Padang,ID,-0.9492,100.3543,76.33,84,26,3.69,scattered clouds
311,Kita,ML,13.0349,-9.4895,103.73,10,21,2.15,few clouds
312,Caloundra,AU,-26.8,153.1333,69.89,85,76,3.0,broken clouds
313,Bochov,CZ,50.1487,13.0523,35.38,94,100,11.5,mist
314,Barda,AZ,40.3744,47.1267,60.69,47,14,5.95,few clouds
315,Perth,AU,-31.9333,115.8333,77.18,66,0,13.8,clear sky
316,Pemberton,CA,50.3164,-122.8027,44.29,86,98,1.7,overcast clouds
317,Zeya,RU,53.75,127.2667,14.11,95,36,4.63,scattered clouds
318,Shingu,JP,33.7333,135.9833,48.36,88,100,6.26,light rain
319,Port Lincoln,AU,-34.7333,135.8667,60.48,70,31,22.64,scattered clouds
320,Fernley,US,39.608,-119.2518,54.57,33,85,5.01,overcast clouds
321,Altus,US,34.6381,-99.334,63.99,29,0,21.85,clear sky
322,San Carlos,VE,9.6612,-68.5827,96.85,26,95,5.28,overcast clouds
323,Cidreira,BR,-30.1811,-50.2056,65.86,52,37,9.26,scattered clouds
324,Navahrudak,BY,53.6,25.8333,31.77,53,100,11.32,overcast clouds
325,Lorengau,PG,-2.0226,147.2712,79.02,86,99,19.08,overcast clouds
326,Nouadhibou,MR,20.931,-17.0347,75.18,50,0,19.57,sand
327,Valparaiso,CL,-33.0393,-71.6273,84.43,12,0,12.66,clear sky
328,Santa Cruz De La Palma,ES,28.6835,-17.7642,66.34,68,40,12.66,scattered clouds
329,Fulda,DE,50.5516,9.6752,38.3,95,100,4.0,overcast clouds
330,Troitskoye,RU,52.9821,84.6757,28.69,97,88,5.26,overcast clouds
331,Katangli,RU,51.7102,143.2326,5.67,91,13,7.0,few clouds
332,Hongjiang,CN,27.11,109.9956,53.08,95,100,4.36,overcast clouds
333,Kayerkan,RU,69.3497,87.7602,15.53,78,74,6.04,broken clouds
334,Kapchorwa,UG,1.3965,34.4509,64.71,65,69,10.29,broken clouds
335,Nanortalik,GL,60.1432,-45.2371,37.81,86,100,6.33,overcast clouds
336,Abatskoye,RU,56.2875,70.4555,32.13,99,100,6.55,snow
337,Bonavista,CA,48.6499,-53.1147,33.75,79,89,17.65,overcast clouds
338,Ndago,TZ,-4.6,34.35,63.99,85,91,5.59,overcast clouds
339,Davidson,US,36.1501,-86.7833,49.12,61,100,16.11,overcast clouds
340,Caravelas,BR,-17.7125,-39.2481,85.44,57,1,9.46,clear sky
341,Port Hardy,CA,50.6996,-127.4199,42.98,87,100,4.61,overcast clouds
342,Heinola,FI,61.2056,26.0381,26.02,93,76,2.01,broken clouds
343,Tiarei,PF,-17.5333,-149.3333,82.42,70,25,12.64,scattered clouds
344,Leon,MX,21.1167,-101.6667,82.81,50,5,6.82,clear sky
345,Nome,US,64.5011,-165.4064,26.67,50,0,23.02,clear sky
346,Jasper,US,37.2001,-94.3502,38.88,82,100,12.66,light snow
347,Namibe,AO,-15.1961,12.1522,71.96,79,37,9.64,scattered clouds
348,Tifton,US,31.4505,-83.5085,71.53,92,100,9.22,overcast clouds
349,Pangoa,PE,-12.1167,-73.0,76.78,93,93,2.55,overcast clouds
350,Ponta Do Sol,PT,32.6667,-17.1,68.0,78,39,3.89,scattered clouds
351,Samarai,PG,-10.6167,150.6667,81.14,82,100,12.26,moderate rain
352,Karasjok,NO,69.4719,25.5112,14.13,92,100,4.88,overcast clouds
353,Plastun,RU,44.7561,136.2939,26.85,62,17,7.09,few clouds
354,Eatonton,US,33.3268,-83.3885,73.22,76,93,5.01,overcast clouds
355,Lagoa,PT,39.05,-27.9833,61.77,87,98,4.34,overcast clouds
356,Vao,NC,-22.6667,167.4833,78.6,85,0,12.44,clear sky
357,Kysyl-Syr,RU,63.8986,122.7617,16.92,97,100,3.96,overcast clouds
358,Lasa,IT,46.6166,10.7002,49.08,97,100,3.78,light rain
359,Romny,UA,50.751,33.4747,48.33,92,100,8.77,overcast clouds
360,Ouesso,CG,1.6136,16.0517,75.31,79,73,4.25,light rain
361,Gympie,AU,-26.1898,152.665,68.18,89,26,3.8,scattered clouds
362,Smithers,CA,54.7804,-127.1743,37.72,65,40,4.61,scattered clouds
363,Tignere,CM,7.3667,12.65,78.28,14,35,1.03,scattered clouds
364,Bulacan,PH,14.7928,120.8789,84.24,69,22,5.08,few clouds
365,Raymondville,US,26.4815,-97.7831,84.31,35,55,10.45,broken clouds
366,Ornskoldsvik,SE,63.2909,18.7153,27.55,80,100,5.75,overcast clouds
367,Bintulu,MY,3.1667,113.0333,75.61,100,20,2.3,few clouds
368,Verkhnetulomskiy,RU,68.6073,31.7962,21.33,95,100,3.36,overcast clouds
369,Acapulco,MX,16.8634,-99.8901,82.0,46,41,7.96,scattered clouds
370,Fenyi,CN,27.8112,114.6681,51.84,88,100,5.14,overcast clouds
371,Escanaba,US,45.7453,-87.0646,30.96,80,100,16.11,overcast clouds
372,Conde,BR,-7.2597,-34.9075,85.46,66,40,12.66,heavy intensity rain
373,Millinocket,US,45.6573,-68.7098,39.31,81,100,8.05,overcast clouds
374,Ulladulla,AU,-35.35,150.4667,58.77,82,92,22.73,light rain
375,Kemijarvi,FI,66.7131,27.4306,12.45,93,81,3.53,broken clouds
376,Kieta,PG,-6.2167,155.6333,79.27,83,89,2.64,light rain
377,Mandasa,IN,18.8667,84.4667,78.01,89,6,8.63,clear sky
378,Kijang,KR,35.2442,129.2139,47.93,65,100,14.54,overcast clouds
379,Ucluelet,CA,48.9329,-125.5528,47.08,86,60,4.0,broken clouds
380,Baherden,TM,38.4362,57.4316,67.05,29,40,5.44,scattered clouds
381,Rocha,UY,-34.4833,-54.3333,59.49,70,88,12.53,overcast clouds
382,Hervey Bay,AU,-25.2986,152.8535,72.01,80,61,8.01,broken clouds
383,Iqaluit,CA,63.7506,-68.5145,28.13,92,100,6.91,light snow
384,Nakhon Phanom,TH,17.3333,104.4167,76.39,69,90,7.7,overcast clouds
385,Joensuu,FI,62.6012,29.7632,19.89,100,79,1.14,fog
386,Isla Mujeres,MX,21.2311,-86.731,86.16,73,4,18.43,clear sky
387,Xiaoweizhai,CN,26.1903,107.5125,49.35,91,100,8.05,overcast clouds
388,Assare,BR,-6.8744,-39.875,83.91,54,100,6.08,light rain
389,Polunochnoye,RU,60.8697,60.4153,10.4,92,52,4.83,broken clouds
390,Tucuman,AR,-26.8241,-65.2226,66.2,27,20,6.91,few clouds
391,Kapoeta,SS,4.7717,33.5903,88.34,31,33,5.88,scattered clouds
392,West Odessa,US,31.8424,-102.4988,58.05,43,16,3.51,few clouds
393,San Cristobal,VE,7.7669,-72.225,71.78,45,96,6.58,overcast clouds
394,Faanui,PF,-16.4833,-151.75,82.35,65,39,15.43,scattered clouds
395,Holme,DK,56.1138,10.1725,38.77,64,81,10.27,broken clouds
396,Maragogi,BR,-9.0122,-35.2225,82.63,70,100,7.36,overcast clouds
397,Talcahuano,CL,-36.7167,-73.1167,62.28,48,0,12.66,clear sky
398,Emmett,US,43.8735,-116.4993,49.78,40,61,9.64,broken clouds
399,Inuvik,CA,68.3499,-133.7218,-22.79,71,75,5.75,broken clouds
400,Hiji,JP,33.3667,131.5333,49.82,88,100,7.23,overcast clouds
401,Berlevag,NO,70.8578,29.0864,26.55,63,75,12.66,light snow
402,Hit,IQ,33.6416,42.8251,74.73,13,0,7.4,clear sky
403,Sanchazi,CN,42.0817,126.6003,28.26,52,2,2.57,clear sky
404,Axim,GH,4.8699,-2.2405,82.67,81,77,9.91,light rain
405,Mantua,IT,45.1667,10.7833,54.55,84,100,3.0,overcast clouds
406,Tual,ID,-5.6667,132.75,82.18,70,100,3.38,overcast clouds
407,Puerto Escondido,MX,15.85,-97.0667,85.42,43,64,10.85,broken clouds
408,Tres Arroyos,AR,-38.3739,-60.2798,62.26,37,17,7.85,few clouds
409,Pringsewu,ID,-5.3582,104.9744,74.37,95,91,2.33,overcast clouds
410,Necochea,AR,-38.5473,-58.7368,59.41,61,94,13.02,overcast clouds
411,Mbandaka,CD,0.0487,18.2603,81.0,63,90,3.33,overcast clouds
412,Solwezi,ZM,-12.1688,26.3894,63.18,97,63,3.44,light rain
413,Ambilobe,MG,-13.2,49.05,73.33,95,55,3.56,light rain
414,Iskateley,RU,67.6803,53.1512,16.79,92,97,12.62,overcast clouds
415,Altamira,BR,-3.2033,-52.2064,86.09,74,75,2.3,broken clouds
416,Vestmanna,FO,62.1564,-7.1664,36.52,60,75,6.91,broken clouds
417,Makakilo City,US,21.3469,-158.0858,74.28,76,20,4.61,few clouds
418,Ouro Preto Do Oeste,BR,-10.7481,-62.2158,80.26,86,87,1.48,light rain
419,Nianzishan,CN,47.5167,122.8833,28.02,44,0,5.97,clear sky
420,Luderitz,NA,-26.6481,15.1594,64.76,69,0,23.35,clear sky
421,Rawson,AR,-43.3002,-65.1023,70.57,24,64,10.78,broken clouds
422,Goderich,CA,43.7501,-81.7165,44.92,70,64,18.41,broken clouds
423,Vila Velha,BR,-20.3297,-40.2925,89.55,71,20,14.97,few clouds
424,Chumikan,RU,54.7183,135.315,4.24,86,46,7.18,scattered clouds
425,Bilma,NE,18.6853,12.9164,83.98,3,21,5.64,few clouds
426,Seoul,KR,37.5683,126.9778,40.6,81,0,3.44,clear sky
427,Kenora,CA,49.8167,-94.4337,27.57,59,20,9.22,few clouds
428,Varna,BG,43.2167,27.9167,61.23,75,100,11.5,light rain
429,Tatarbunary,UA,45.8373,29.6142,55.47,75,100,11.79,overcast clouds
430,Zamoly,HU,47.3167,18.4081,50.32,94,100,7.43,overcast clouds
431,Loandjili,CG,-4.7561,11.8578,82.51,89,20,10.36,thunderstorm
432,Kiunga,PG,-6.1219,141.2906,72.28,100,100,2.13,overcast clouds
433,Ewa Beach,US,21.3156,-158.0072,75.69,77,20,4.61,few clouds
434,Xining,CN,36.6167,101.7667,35.73,74,99,6.33,overcast clouds
435,Mindelo,CV,16.8901,-24.9804,76.55,53,20,25.32,few clouds
436,Cockburn Town,TC,21.4612,-71.1419,76.82,79,41,25.57,scattered clouds
437,Chipinge,ZW,-20.1883,32.6236,61.92,91,8,5.59,clear sky
438,La Cruz,MX,23.9167,-106.9,76.93,36,89,6.76,overcast clouds
439,Nieuw Nickerie,SR,5.95,-56.9833,81.0,68,92,9.89,overcast clouds
440,Tenenkou,ML,14.4572,-4.9169,100.31,5,94,2.44,overcast clouds
441,Hualmay,PE,-11.0964,-77.6139,75.13,72,50,10.25,scattered clouds
442,Tengzhou,CN,35.0771,117.1518,48.11,45,100,4.97,overcast clouds
443,Sillamae,EE,59.3997,27.7547,26.4,82,26,2.48,scattered clouds
444,Akdagmadeni,TR,39.6603,35.8836,45.88,60,57,6.55,broken clouds
445,Yeppoon,AU,-23.1333,150.7333,71.38,78,0,6.8,light rain
446,Mahibadhoo,MV,3.7833,72.9667,83.43,68,7,0.13,clear sky
447,Honiara,SB,-9.4333,159.95,78.03,88,98,2.46,overcast clouds
448,Palotina,BR,-24.2839,-53.84,63.73,74,95,6.93,overcast clouds
449,Blythe,US,33.6103,-114.5964,78.03,29,72,11.3,broken clouds
450,La Libertad,EC,-2.2333,-80.9,82.06,74,0,8.05,clear sky
451,Grindavik,IS,63.8424,-22.4338,43.27,65,75,4.61,broken clouds
452,Praia Da Vitoria,PT,38.7333,-27.0667,67.75,72,75,5.37,broken clouds
453,Shablykino,RU,52.8566,35.1964,33.28,100,100,6.26,overcast clouds
454,Saquena,PE,-4.6667,-73.5167,91.04,51,87,2.06,overcast clouds
455,Diffa,NE,13.3154,12.6113,87.17,5,18,8.75,few clouds
456,Sarkikaraagac,TR,38.0794,31.3664,48.42,55,98,3.29,overcast clouds
457,Kargil,IN,34.5667,76.1,23.5,72,2,4.0,clear sky
458,Palmer,US,42.1584,-72.3287,61.86,85,100,0.0,light intensity drizzle
459,Kavaratti,IN,10.5669,72.642,83.43,77,6,9.86,clear sky
460,San Rafael,AR,-34.6177,-68.3301,69.24,13,0,13.33,clear sky
461,Manavalakurichi,IN,8.1333,77.3,81.57,82,26,5.93,scattered clouds
462,Geraldton,AU,-28.7667,114.6,75.61,78,40,9.22,moderate rain
463,Saint Anthony,US,45.0205,-93.218,33.12,69,100,17.27,overcast clouds
464,Jacarezinho,BR,-23.1606,-49.9694,72.59,92,76,11.16,broken clouds
465,Pachino,IT,36.7186,15.0907,58.93,83,4,19.37,clear sky
466,Vanavara,RU,60.34,102.2797,31.6,92,100,15.5,light snow
467,Atar,MR,20.5169,-13.0499,90.84,11,32,11.03,scattered clouds
468,Nakhon Nayok,TH,14.1667,101.1,83.86,62,73,1.21,broken clouds
469,Anadyr,RU,64.75,177.4833,7.3,77,75,20.13,light snow
470,Bilibino,RU,68.0546,166.4372,-20.9,94,66,2.44,broken clouds
471,Tommot,RU,58.9564,126.2925,18.99,98,100,3.0,overcast clouds
472,Tyumentsevo,RU,53.3224,81.498,33.15,81,100,12.17,overcast clouds
473,Kindu,CD,-2.95,25.95,71.85,86,48,3.09,scattered clouds
474,Ndele,CF,8.4109,20.6473,87.42,11,21,4.07,few clouds
475,Kropotkin,RU,45.4375,40.5756,56.03,55,77,5.86,broken clouds
476,Kodinsk,RU,58.6881,99.1844,34.61,96,100,12.73,light snow
477,Kahului,US,20.8947,-156.47,77.85,81,0,15.01,clear sky
478,Pontianak,ID,-0.0333,109.3333,76.98,94,20,0.0,smoke
479,Siavonga,ZM,-16.5382,28.7088,77.68,63,81,5.32,broken clouds
480,Egvekinot,RU,66.3167,-179.1667,2.34,88,90,17.2,overcast clouds
481,Dharchula,IN,29.85,80.5333,63.3,27,0,8.63,clear sky
482,Ambunti,PG,-4.2365,142.8448,73.02,99,100,2.06,moderate rain
483,Athabasca,CA,54.7169,-113.2854,39.61,72,95,19.17,overcast clouds
484,Sokolka,PL,53.4072,23.5023,35.65,41,100,11.21,overcast clouds
485,New Waterford,US,40.8451,-80.6145,71.58,58,34,13.0,scattered clouds
486,Fairbanks,US,64.8378,-147.7164,18.23,44,0,6.91,clear sky
487,Port Augusta,AU,-32.5,137.7667,58.93,64,0,11.54,clear sky
488,Liku,ID,-0.7275,119.8922,74.25,88,82,1.99,broken clouds
489,Narsaq,GL,60.9167,-46.05,38.26,74,98,2.39,overcast clouds
490,Paamiut,GL,61.994,-49.6678,34.9,96,94,3.44,overcast clouds
491,Kloulklubed,PW,7.0419,134.2556,79.14,82,100,8.23,overcast clouds
492,Rosita,NI,13.9268,-84.4032,91.44,43,54,4.47,broken clouds
493,Santa Maria,BR,-29.6842,-53.8069,63.7,45,20,5.75,few clouds
494,Boddam,GB,57.4667,-1.7833,39.65,68,27,18.1,scattered clouds
495,La Ronge,CA,55.1001,-105.2842,34.05,55,100,10.36,overcast clouds
496,Biggar,GB,55.6167,-3.5167,40.3,72,97,8.61,overcast clouds
497,Ust-Kuyga,RU,70.0167,135.6,-18.67,100,99,3.42,overcast clouds
498,Pacific Grove,US,36.6177,-121.9166,56.89,85,100,4.0,overcast clouds
499,San Matias,BO,-16.3667,-58.4,62.28,73,100,9.42,overcast clouds
500,Santa Teresa,VE,10.2341,-66.6631,91.9,32,97,6.44,overcast clouds
501,Lhokseumawe,ID,5.1801,97.1507,79.11,83,100,6.33,overcast clouds
502,Ilebo,CD,-4.3167,20.5833,81.14,60,68,0.58,broken clouds
503,Nabire,ID,-3.3667,135.4833,76.75,80,100,3.85,overcast clouds
504,Boulsa,BF,12.6675,-0.5758,96.84,7,56,2.46,broken clouds
505,Beloha,MG,-25.1667,45.05,73.09,78,0,15.14,clear sky
506,Tura,IN,25.5198,90.2201,70.36,88,62,3.15,broken clouds
507,Progreso,MX,21.2833,-89.6667,90.77,51,0,6.62,clear sky
508,Pakokku,MM,21.3333,95.1,85.96,45,0,8.86,clear sky
509,Hirna,ET,9.2167,41.1,64.69,24,8,1.86,clear sky
510,Macclesfield,GB,53.2602,-2.1256,42.31,68,99,18.41,overcast clouds
511,Mogadishu,SO,2.0371,45.3438,82.08,83,20,16.69,few clouds
512,Merauke,ID,-8.4667,140.3333,76.37,90,96,7.47,overcast clouds
513,Salta,AR,-24.7859,-65.4117,61.39,62,40,8.05,scattered clouds
514,Zverinogolovskoye,RU,54.4586,64.8542,34.45,97,100,9.01,overcast clouds
515,Oranjemund,NA,-28.55,16.4333,60.64,86,0,15.48,clear sky
516,Alcazar De San Juan,ES,39.3901,-3.2083,50.79,64,87,12.77,overcast clouds
517,Sarangani,PH,5.4033,125.4636,82.29,74,68,7.2,broken clouds
518,Saint-Augustin,CA,51.226,-58.6502,34.81,96,10,13.33,clear sky
519,Port Blair,IN,11.6667,92.75,80.64,89,20,2.3,mist
520,Takhtamygda,RU,54.1,123.5667,12.61,95,57,1.86,broken clouds
521,Makat,KZ,47.6469,53.3463,55.87,41,3,6.85,clear sky
522,Sur,OM,22.5667,59.5289,81.0,42,0,4.59,clear sky
523,Sorland,NO,67.667,12.6934,33.66,56,99,14.65,overcast clouds
524,Kailua,US,21.4022,-157.7394,75.74,84,46,5.99,light rain
525,Saint-Pierre,RE,-21.3393,55.4781,78.48,70,0,18.41,clear sky
526,Jalu,LY,29.0331,21.5482,83.17,7,100,10.51,overcast clouds
527,Waitati,NZ,-45.75,170.5667,52.81,62,100,7.09,moderate rain
528,Petauke,ZM,-14.2426,31.3253,64.69,97,5,4.47,clear sky
529,Zyryanka,RU,65.75,150.85,-6.54,97,99,8.19,overcast clouds
530,Peraiyur,IN,9.7358,77.7896,83.84,55,10,3.69,clear sky
531,Nishihara,JP,26.1842,127.7558,67.28,92,75,26.46,broken clouds
532,Nybro,SE,56.7446,15.9071,34.61,56,84,4.12,broken clouds
533,Marsh Harbour,BS,26.5412,-77.0636,77.05,69,69,20.89,broken clouds
534,Tosno,RU,59.54,30.8775,28.22,95,67,2.19,broken clouds
535,Luyang,CN,27.6239,110.0989,51.37,95,100,4.54,overcast clouds
536,Sobradinho,BR,-12.8333,-39.1,86.59,45,12,9.42,few clouds
537,Cabinda,AO,-5.55,12.2,84.34,84,75,8.05,broken clouds
538,Karabuk,TR,41.2049,32.6277,59.29,59,100,3.56,overcast clouds
539,Inhambane,MZ,-23.865,35.3833,80.58,88,40,3.44,scattered clouds
540,Aykhal,RU,66.0,111.5,20.1,96,100,10.83,overcast clouds
541,Khasan,RU,42.4308,130.6434,34.77,51,2,7.29,clear sky
542,Passos,BR,-20.7189,-46.6097,82.18,54,28,3.36,scattered clouds
543,Almaznyy,RU,48.0448,40.045,53.56,61,100,14.25,overcast clouds
544,Svetlaya,RU,46.5389,138.3297,23.79,74,93,7.87,overcast clouds
545,Toamasina,MG,-18.1667,49.3833,80.6,74,75,9.22,broken clouds
546,Lata,PT,40.1629,-8.3327,52.83,79,77,11.12,broken clouds
547,Eagle Pass,US,28.7091,-100.4995,81.27,21,0,4.59,clear sky
548,Praya,CV,14.9215,-23.5087,79.34,53,0,20.71,clear sky
549,Shache,CN,38.4167,77.2406,51.85,54,42,10.98,scattered clouds
550,Waren,DE,53.5167,12.6833,34.97,57,100,17.31,overcast clouds
551,Brigantine,US,39.4101,-74.3646,67.03,90,100,24.72,overcast clouds
552,Nador,MA,35.174,-2.9287,62.85,67,40,19.57,scattered clouds
553,Parabel,RU,58.6978,81.4825,28.02,96,100,4.23,light snow
554,Craig,US,40.5153,-107.5464,44.55,45,0,12.66,clear sky
555,Shahr-E Babak,IR,30.1165,55.1186,64.8,15,3,6.04,clear sky
556,Farrukhnagar,IN,17.0778,78.2011,83.91,30,5,7.2,clear sky
557,Grenada,ES,37.1882,-3.6067,55.76,63,40,13.8,scattered clouds
558,Alipur,PK,29.3846,70.9116,82.08,8,0,4.36,clear sky
559,Sicamous,CA,50.8331,-118.9856,43.77,88,99,2.98,overcast clouds
560,Vestmannaeyjar,IS,63.4427,-20.2734,41.99,60,0,11.5,clear sky
561,Sovetskiy,RU,61.3614,63.5842,15.1,91,46,6.85,scattered clouds
562,Shahr-E Kord,IR,32.3256,50.8644,51.57,37,20,9.22,few clouds
563,Kukuna,SL,9.4,-12.6667,91.71,45,55,11.97,broken clouds
564,Piet Retief,ZA,-27.0071,30.8132,60.03,77,0,2.15,clear sky
565,Ust-Nera,RU,64.5667,143.2,-15.23,100,55,1.9,broken clouds
566,Brownsville,US,25.9018,-97.4975,84.09,52,0,13.8,clear sky
567,Dvinskoy,RU,62.1535,45.1175,12.16,96,81,3.44,broken clouds
568,Mattru,SL,7.6244,-11.8332,88.25,57,76,8.72,broken clouds
569,Shymkent,KZ,42.3,69.6,48.79,71,25,6.71,smoke
570,Erenhot,CN,43.6475,111.9767,32.22,28,96,12.44,overcast clouds
571,Menongue,AO,-14.6585,17.691,66.42,90,60,3.62,broken clouds
572,Maniitsoq,GL,65.4167,-52.9,30.13,80,70,4.52,broken clouds
573,Balsas,BR,-7.5325,-46.0356,82.67,70,97,4.43,moderate rain
574,Plouzane,FR,48.3833,-4.6167,44.92,55,20,21.85,few clouds
575,San Pedro De Macoris,DO,18.4616,-69.2972,86.61,57,38,12.8,scattered clouds
576,Mgandu,TZ,-5.95,34.1333,61.5,96,25,5.1,scattered clouds
577,Moroni,KM,-11.7022,43.2551,80.02,79,38,4.9,light rain
578,Byron Bay,AU,-28.65,153.6167,63.95,75,97,17.85,overcast clouds
579,Krasnyye Baki,RU,57.131,45.1599,28.29,85,100,5.28,overcast clouds
580,Xichang,CN,27.8964,102.2634,44.49,94,100,5.48,overcast clouds
581,Zabid,YE,14.1951,43.3152,82.26,51,0,4.65,clear sky
582,Terrace,CA,54.5163,-128.6035,42.71,81,75,9.22,broken clouds
583,Ngunguru,NZ,-35.6167,174.5,62.1,87,70,5.37,broken clouds
584,Mahaban,IN,27.4333,77.75,82.74,12,0,5.95,clear sky
585,Meulaboh,ID,4.1363,96.1285,77.52,84,98,2.33,overcast clouds
586,Pontian Kecil,MY,1.4801,103.3899,77.32,80,9,4.5,clear sky
587,Ambovombe,MG,-25.1667,46.0833,73.08,80,0,14.36,clear sky
588,Dhone,IN,15.4167,77.8833,87.03,45,52,12.21,broken clouds
589,Uvira,CD,-3.4067,29.1458,78.93,86,58,5.77,light rain
590,Berbera,SO,10.4396,45.0143,81.59,65,2,3.94,clear sky
591,Bonito,BR,-21.1211,-56.4819,64.13,74,100,8.95,overcast clouds
592,Monte Patria,CL,-30.6919,-70.9467,83.25,13,0,7.83,clear sky
593,Houston,US,29.7633,-95.3633,73.35,36,0,5.01,clear sky
594,Sioux Lookout,CA,50.1001,-91.917,26.67,63,75,10.36,broken clouds
595,Tezu,IN,27.9167,96.1667,72.9,63,97,2.21,overcast clouds
596,Vilhena,BR,-12.7406,-60.1458,68.22,94,75,16.11,light rain
597,Lubango,AO,-14.9172,13.4925,69.66,64,75,9.22,broken clouds
598,Poronaysk,RU,49.2167,143.1167,14.74,89,100,3.85,overcast clouds
599,Baneh,IR,35.9975,45.8853,49.28,56,1,1.39,clear sky
600,Broome,US,42.2506,-75.833,65.61,69,100,20.71,overcast clouds
601,Council Bluffs,US,41.2619,-95.8608,32.72,67,100,10.36,overcast clouds
602,Fort Nelson,CA,58.8053,-122.7002,22.59,80,100,10.36,overcast clouds
603,Uyuni,BO,-20.4597,-66.825,62.53,20,21,14.79,few clouds
604,Tutoia,BR,-2.7619,-42.2744,79.41,86,100,5.3,moderate rain
605,Shimoda,JP,34.6667,138.95,48.11,93,100,13.56,moderate rain
606,Portland,US,45.5234,-122.6762,52.38,71,75,7.0,broken clouds
607,Bayshore Gardens,US,27.4253,-82.5904,87.22,68,18,5.99,few clouds
608,Fare,PF,-16.7,-151.0167,81.9,66,12,13.2,few clouds
609,Beyneu,KZ,45.3167,55.2,53.87,44,60,8.9,broken clouds
610,Jamame,SO,0.0722,42.7506,80.65,82,56,8.68,broken clouds
611,Luchow,DE,52.9667,11.15,42.12,34,100,15.97,overcast clouds
612,Maicao,CO,11.3832,-72.2432,87.91,44,89,17.38,overcast clouds
613,Manoel Urbano,BR,-8.8389,-69.2597,83.98,79,66,2.35,broken clouds
614,Port-Cartier,CA,50.0334,-66.8654,35.82,92,100,3.18,overcast clouds
615,Rusape,ZW,-18.5278,32.1284,66.13,72,99,3.53,overcast clouds
616,Kundiawa,PG,-6.0167,144.9667,62.58,99,100,1.14,overcast clouds
617,Yumen,CN,40.2833,97.2,37.27,23,0,9.26,clear sky
618,Yanam,IN,16.7333,82.2167,78.75,95,5,3.94,clear sky
619,Abalak,RU,58.1286,68.5944,21.11,98,100,3.31,overcast clouds
620,Koslan,RU,63.4564,48.8989,15.21,95,91,4.81,overcast clouds
621,Puerto Narino,CO,-3.7703,-70.3831,83.62,80,76,3.6,broken clouds
622,Homer,US,59.6425,-151.5483,42.69,65,75,8.05,broken clouds
623,Yenagoa,NG,4.9247,6.2642,83.7,72,59,8.84,broken clouds
624,Noumea,NC,-22.2763,166.4572,82.0,99,2,3.2,clear sky
625,Conceicao Do Araguaia,BR,-8.2578,-49.2647,82.63,74,100,2.89,overcast clouds
626,Asyut,EG,27.181,31.1837,78.96,8,100,7.7,overcast clouds
627,Le Port,RE,-20.9373,55.2919,78.8,57,67,4.63,broken clouds
628,Artyom,AZ,40.4723,50.333,44.74,78,0,5.46,clear sky
629,Tilichiki,RU,60.4667,166.1,-6.41,95,28,8.97,scattered clouds
630,Mikhaylovsk,RU,45.1283,42.0256,52.02,50,0,7.0,clear sky
631,Khromtau,KZ,50.2503,58.4347,29.41,85,25,8.93,scattered clouds
632,Panalingaan,PH,8.7842,117.4231,78.3,81,6,2.77,clear sky
633,Okhotsk,RU,59.3833,143.3,3.43,89,74,11.01,broken clouds
634,Pavlodar,KZ,52.3,76.95,31.8,93,0,6.71,clear sky
635,Ust-Maya,RU,60.4167,134.5333,-11.31,100,61,2.24,broken clouds
636,Mocuba,MZ,-16.8392,36.9856,72.55,98,30,2.53,scattered clouds
637,Maryborough,AU,-25.5333,152.7,72.1,83,33,7.81,scattered clouds
638,Pochutla,MX,15.7432,-96.4661,85.82,29,64,10.8,broken clouds
639,Villefranche-De-Rouergue,FR,44.3333,2.0,48.97,86,84,6.98,broken clouds
640,Athens,GR,37.9795,23.7162,63.18,77,40,11.5,scattered clouds
641,Mlonggo,ID,-6.5333,110.7,77.86,88,97,10.38,overcast clouds
642,Yulara,AU,-25.2406,130.9889,66.04,34,71,8.05,broken clouds
643,Ciudad Bolivar,VE,8.1222,-63.5497,94.95,33,100,9.86,overcast clouds
644,Vicente Guerrero,MX,19.1194,-98.1708,76.39,14,9,11.92,clear sky
645,Thinadhoo,MV,0.5333,72.9333,83.01,71,12,4.56,few clouds
646,San Quintin,MX,30.4833,-115.95,62.96,64,87,16.51,overcast clouds
647,Kennett,US,36.2362,-90.0556,50.13,64,100,13.8,overcast clouds
648,Puerto Carreno,CO,6.189,-67.4859,91.38,43,22,8.05,few clouds
649,Bordei Verde,RO,45.0833,27.5667,61.68,49,100,8.16,overcast clouds
650,Somerset,US,40.5668,-74.5496,71.19,71,100,13.8,overcast clouds
651,Booue,GA,-0.0921,11.9385,77.09,90,93,1.39,overcast clouds
652,Watrous,CA,51.6668,-105.4679,42.58,65,85,20.71,overcast clouds
653,Touros,BR,-5.1989,-35.4608,80.19,78,99,12.12,overcast clouds
654,Daru,PG,-9.0763,143.2092,76.28,90,98,8.21,overcast clouds
655,Grand Gaube,MU,-20.0064,57.6608,79.2,79,100,8.01,overcast clouds
656,At-Bashi,KG,41.1702,75.8106,33.4,68,5,6.85,clear sky
657,Larsnes,NO,62.2028,5.5773,36.19,81,76,6.51,broken clouds
658,Buraydah,SA,26.326,43.975,81.05,13,0,6.98,clear sky
659,Camacha,PT,33.0833,-16.3333,60.22,72,75,11.5,broken clouds
660,Caluquembe,AO,-13.7833,14.6833,63.88,90,97,0.76,moderate rain
661,Gonbad-E Qabus,IR,37.25,55.1672,56.35,76,0,0.0,clear sky
662,Jegunovce,MK,42.0736,21.1236,53.58,88,100,1.14,overcast clouds
663,Trairi,BR,-3.2778,-39.2689,75.43,93,100,6.2,overcast clouds
664,Pingdingshan,CN,33.7385,113.3012,50.72,47,100,4.14,moderate rain
665,Magadan,RU,59.5667,150.8,-3.48,81,82,7.96,broken clouds
666,Darhan,MN,49.4867,105.9228,31.05,47,57,2.73,broken clouds
667,Natchitoches,US,31.7668,-93.1335,63.45,44,0,6.91,clear sky
668,Dicabisagan,PH,17.0818,122.4157,76.35,90,21,3.67,few clouds
669,Denpasar,ID,-8.65,115.2167,82.06,83,40,4.61,scattered clouds
670,Shihezi,CN,44.3,86.0333,45.0,38,0,5.48,clear sky
671,Talnakh,RU,69.4865,88.3972,16.21,93,81,5.03,broken clouds
672,Oksfjord,NO,70.2396,22.3479,26.67,87,100,5.1,light snow
673,Saint-Joseph,RE,-21.3667,55.6167,77.38,72,68,15.37,broken clouds
674,Viedma,AR,-40.8135,-62.9967,72.27,14,0,16.17,clear sky
675,Panjab,AF,34.388,67.0233,42.13,33,17,2.71,few clouds
676,San Diego,US,32.7153,-117.1573,61.12,79,100,10.36,haze
677,Vostok,RU,46.4856,135.8833,14.0,97,95,3.89,light snow
678,Kungurtug,RU,50.5994,97.5228,9.37,95,19,1.63,few clouds
679,Bikin,RU,46.8161,134.26,21.34,88,36,4.29,scattered clouds
680,Clifton,US,40.8584,-74.1638,70.77,71,100,13.8,overcast clouds
681,Sibolga,ID,1.7427,98.7792,75.63,81,83,3.58,broken clouds
682,Suntar,RU,62.1444,117.6319,31.33,93,100,9.86,overcast clouds
683,Constantine,DZ,36.365,6.6147,53.01,66,40,18.41,scattered clouds
684,Puerto Madryn,AR,-42.7692,-65.0385,70.61,22,56,3.42,broken clouds
685,Belaya Gora,RU,68.5333,146.4167,-26.43,100,96,1.39,overcast clouds
686,Waingapu,ID,-9.6567,120.2641,77.49,84,25,3.56,scattered clouds
687,Dalbandin,PK,28.8947,64.4101,71.22,5,0,6.33,clear sky
688,Meadow Lake,US,34.8014,-106.5436,57.85,22,100,6.02,overcast clouds
